<?xml version="1.0" encoding="UTF-8"?>
<PackageDescription custom="true" minInstallCenterVersion="8.8.1.01" version="1.0" xsi:noNamespaceSchemaLocation="PackageDescription.xsd" xmlns:xsd="http://www.w3.org/2001/XMLSchema" xmlns:xsi="http://www.w3.org/2001/XMLSchema-instance" >
	<Package type="full" name="Point72_Custom_Package_GC" version="8.8.1.07" reinstallable="true">
		<Description>Point72_Custom_Package_GC</Description>
		<Component>Point72_Custom_Package_GC</Component>
		<Content>
			<File type="Package" path="P72_Custom_Package.tar.gz"></File>
		</Content>
	</Package>
	<Deployment>
		<Prerequisites>
			<Product id="Gsdm" type="GOLDENSOURCE" name="Datamodel GSDM">
				<Version min="8.8.1.01"/>
			</Product>
			<Product id="VDDB" type="GOLDENSOURCE" name="Datamodel VDDB">
				<Version min="8.8.1.01"/>
			</Product>

			<Product id="Starterset" name="Starterset GSDM VDDB" type="GOLDENSOURCE">
				<Version min="8.8.1.01"/>
			</Product>
			<!--
			<Product id="Ora19" name="Oracle Server Version" type="ORACLE_SERVER">
				<Version min="19.0.0.0" max="19.0.x.x"/>
			</Product>-->
		</Prerequisites>

		<Locations>
			<Location id="CFDataModel" multiple="true" type="Database">
				<Description>The destination where the Configuration Datamodel was installed.</Description>
				<Prerequisites/>
			</Location>
			<Location id="WFDataModel" multiple="true" type="Database">
				<Description>The destination where the Workflow Datamodel was installed.</Description>
				<Prerequisites/>
			</Location>
			<Location id="GSDMDataModel" multiple="true" type="Database">
				<Description>A database where the GSDM was installed  completely.</Description>
				<Prerequisites>
					<!--<Prerequisite id="Gsdm"/>-->
					<Prerequisite id="Starterset"/>
					<!--<Prerequisite id="Ora19" required="true"/>-->
				</Prerequisites>
			</Location>
			<Location id="VDDBDataModel" type="Database" multiple="true">
				<Description>The destination where the VDDB Datamodel was installed.</Description>
				<Prerequisites>
					<!--<Prerequisite id="VDDB"/>-->
					<Prerequisite id="Starterset"/>
					<!--<Prerequisite id="Ora19" required="true"/>-->
				</Prerequisites>
			</Location>

			<Location id="EngineInstallation" type="EngineInstallation">
				<Description>An Engine Installation where an Engine should be installed.</Description>
				<Prerequisites>
				</Prerequisites>
			</Location>
		</Locations>

		<Tasks>
			<!--<unzip description="Unzip package archive temporarily" name="Unzip Package" src="package.zip" srcLoc="PackageZip"/>-->
			<tgz description="Unzip package archive" dest="/" name="Unzip Package" src="P72_Custom_Package.tar.gz" srcLoc="PackageZip"/>

			<!-- Replace environment variable in the sql file for roles-->
			<replace id="replace_pkg" name="Replace Environment Variables" description="Replaces the Environment Variables with your specified value" src="sql/DDL/" evalLoc="GSDMDataModel" dest="sql/DDL/" includes="GC_Synonyms.sql">
				<token name="#GC_DBOWNER#" path="$OWNER"/>
				<token name="#GC_APPUSER#" path="$APPUSER"/>
			</replace>


			<replace id="replace_pkg" name="Replace Environment Variables" description="Replaces the Environment Variables with your specified value" src="sql/DDL/" evalLoc="GSDMDataModel" dest="sql/DDL/" includes="GC_GrantRoles_Using_IR.sql">
				<token name="#GC_DBOWNER#" path="$OWNER"/>
				<token name="#GC_APPUSER#" path="$APPUSER"/>
			</replace>

			<!-- END - Replace environment variable in the sql file for roles-->
			
			<!-- Customized SQL DDL Installation GC-->
			<sqloperational id="P72_getp72rissmktissoid.sql" name="Apply DDL for P72_getp72rissmktissoid.sql" description="Apply DDL for P72_getp72rissmktissoid.sql" src="sql/ddl/P72_getp72rissmktissoid.sql" destLoc="GSDMDataModel" patchLevel="8.8.1.07" dbType="postgres"/>
			<sqloperational id="P72_ft_t_gpg1.sql" name="Apply DDL for P72_ft_t_gpg1.sql" description="Apply DDL for P72_ft_t_gpg1.sql" src="sql/ddl/P72_ft_t_gpg1.sql" destLoc="GSDMDataModel" patchLevel="8.8.1.07" dbType="postgres"/>
			<sqloperational id="P72_Proc_GenevaPrintGroup.sql" name="Apply DDL for P72_Proc_GenevaPrintGroup.sql" description="Apply DDL for P72_Proc_GenevaPrintGroup.sql" src="sql/ddl/P72_Proc_GenevaPrintGroup.sql" destLoc="GSDMDataModel" patchLevel="8.8.1.07" dbType="postgres"/>
			<sqloperational id="P72_BB_RequestReply_View.sql" name="Apply DDL for P72_BB_RequestReply_View.sql" description="Apply DDL for P72_BB_RequestReply_View.sql" src="sql/ddl/P72_BB_RequestReply_View.sql" destLoc="GSDMDataModel" patchLevel="8.8.1.07" dbType="postgres"/>
							
			
			
			<!-- Customized SQL DML Installation GC-->
			<sql id="P72_STDF_FixedIncome.sql" name="GC - Data Setup - P72_STDF_FixedIncome.sql" description="GC - Data Setup - P72_STDF_FixedIncome.sql" src="sql/DML/P72_STDF_FixedIncome.sql" destLoc="GSDMDataModel" patchLevel="8.8.1.07"/>
			<sql id="P72CntryIssuance_GU_ID_IDMV.sql" name="GC - Data Setup - P72CntryIssuance_GU_ID_IDMV.sql" description="GC - Data Setup - P72CntryIssuance_GU_ID_IDMV.sql" src="sql/DML/P72CntryIssuance_GU_ID_IDMV.sql" destLoc="GSDMDataModel" patchLevel="8.8.1.07"/>
			<sql id="P72Currency_Inserts.sql" name="GC - Data Setup - P72Currency_Inserts.sql" description="GC - Data Setup - P72Currency_Inserts.sql" src="sql/DML/P72Currency_Inserts.sql" destLoc="GSDMDataModel" patchLevel="8.8.1.07"/>
			<sql id="P72GVPRNGGR_INCL_Scripts.sql" name="GC - Data Setup - P72GVPRNGGR_INCL_Scripts.sql" description="GC - Data Setup - P72GVPRNGGR_INCL_Scripts.sql" src="sql/DML/P72GVPRNGGR_INCL_Scripts.sql" destLoc="GSDMDataModel" patchLevel="8.8.1.07"/>
			<sql id="P72GVPRNGGR_EINC_Scripts.sql" name="GC - Data Setup - P72GVPRNGGR_EINC_Scripts.sql" description="GC - Data Setup - P72GVPRNGGR_EINC_Scripts.sql" src="sql/DML/P72GVPRNGGR_EINC_Scripts.sql" destLoc="GSDMDataModel" patchLevel="8.8.1.07"/>
			<sql id="P72ISGP_PrtPurpTyp_Domain.sql" name="GC - Data Setup - P72ISGP_PrtPurpTyp_Domain.sql" description="GC - Data Setup - P72ISGP_PrtPurpTyp_Domain.sql" src="sql/DML/P72ISGP_PrtPurpTyp_Domain.sql" destLoc="GSDMDataModel" patchLevel="8.8.1.07"/>
			<sql id="P72_EINC_FixedIncome.sql" name="GC - Data Setup - P72_EINC_FixedIncome.sql" description="GC - Data Setup - P72_EINC_FixedIncome.sql" src="sql/DML/P72_EINC_FixedIncome.sql" destLoc="GSDMDataModel" patchLevel="8.8.1.07"/>
			<sql id="P72_RTVL_FITCH_SP_ratings.sql" name="GC - Data Setup - P72_RTVL_FITCH_SP_ratings.sql" description="GC - Data Setup - P72_RTVL_FITCH_SP_ratings.sql" src="sql/DML/P72_RTVL_FITCH_SP_ratings.sql" destLoc="GSDMDataModel" patchLevel="8.8.1.07"/>
			<sql id="P72_Update_RTVL_rank_num.sql" name="GC - Data Setup - P72_Update_RTVL_rank_num.sql" description="GC - Data Setup - P72_Update_RTVL_rank_num.sql" src="sql/DML/P72_Update_RTVL_rank_num.sql" destLoc="GSDMDataModel" patchLevel="8.8.1.07"/>
			<sql id="P72_STDF_BOND_TIER.sql" name="GC - Data Setup - P72_STDF_BOND_TIER.sql" description="GC - Data Setup - P72_STDF_BOND_TIER.sql" src="sql/DML/P72_STDF_BOND_TIER.sql" destLoc="GSDMDataModel" patchLevel="8.8.1.07"/>
			
			<sql id="P72GVASTTYP_Bond_INCL_Script.sql" name="GC - Data Setup - P72GVASTTYP_Bond_INCL_Script.sql" description="GC - Data Setup - P72GVASTTYP_Bond_INCL_Script.sql" src="sql/DML/P72GVASTTYP_Bond_INCL_Script.sql" destLoc="GSDMDataModel" patchLevel="8.8.1.07"/>
			<sql id="P72GVINVTYP_INCL_Scripts.sql" name="GC - Data Setup - P72GVINVTYP_INCL_Scripts.sql" description="GC - Data Setup - P72GVINVTYP_INCL_Scripts.sql" src="sql/DML/P72GVINVTYP_INCL_Scripts.sql" destLoc="GSDMDataModel" patchLevel="8.8.1.07"/>
			<sql id="P72GVINVTYP_EINC_Scripts.sql" name="GC - Data Setup - P72GVINVTYP_EINC_Scripts.sql" description="GC - Data Setup - P72GVINVTYP_EINC_Scripts.sql" src="sql/DML/P72GVINVTYP_EINC_Scripts.sql" destLoc="GSDMDataModel" patchLevel="8.8.1.07"/>
			
			<sql id="P72_INSERT_FT_T_GPG1.sql" name="GC - Data Setup - P72_INSERT_FT_T_GPG1.sql" description="GC - Data Setup - P72_INSERT_FT_T_GPG1.sql" src="sql/DML/P72_INSERT_FT_T_GPG1.sql" destLoc="GSDMDataModel" patchLevel="8.8.1.07"/>
			<sql id="P72_Insert_FT_T_UIBL.sql" name="GC - Data Setup - P72_Insert_FT_T_UIBL.sql" description="GC - Data Setup - P72_Insert_FT_T_UIBL.sql" src="sql/DML/P72_Insert_FT_T_UIBL.sql" destLoc="GSDMDataModel" patchLevel="8.8.1.07"/>
			<sql id="P72_Insert_FT_T_STDF.sql" name="GC - Data Setup - P72_Insert_FT_T_STDF.sql" description="GC - Data Setup - P72_Insert_FT_T_STDF.sql" src="sql/DML/P72_Insert_FT_T_STDF.sql" destLoc="GSDMDataModel" patchLevel="8.8.1.07"/>
			<sql id="P72UDF_MUST_MKEY.sql" name="GC - Data Setup - P72UDF_MUST_MKEY.sql" description="GC - Data Setup - P72UDF_MUST_MKEY.sql" src="sql/DML/P72UDF_MUST_MKEY.sql" destLoc="GSDMDataModel" patchLevel="8.8.1.07"/>
			
			
			
			
			<!-- OD CR Tickets -->
			
			<!--<sql id="MCR_1891_STDF_INSERT.sql" name="GC - Data Setup - MCR_1891_STDF_INSERT.sql"  description="GC - Data Setup - MCR_1891_STDF_INSERT.sql" src="sql/DML/MCR_1891_STDF_INSERT.sql" destLoc="GSDMDataModel" patchLevel="8.8.1.07" dbType="postgres"/>
			<sql id="MCR-1877_PCA1_Script.sql" name="GC - Data Setup - MCR-1877_PCA1_Script.sql"  description="GC - Data Setup - MCR-1877_PCA1_Script.sql" src="sql/DML/MCR-1877_PCA1_Script.sql" destLoc="GSDMDataModel" patchLevel="8.8.1.07" dbType="postgres"/>
			<sql id="MCR-1904_IDMV.sql" name="GC - Data Setup - MCR-1904_IDMV.sql"  description="GC - Data Setup - MCR-1904_IDMV.sql" src="sql/DML/MCR-1904_IDMV.sql" destLoc="GSDMDataModel" patchLevel="8.8.1.07" dbType="postgres"/>-->
			
			
			<!-- Customized GSO -->
			<deployGSE description="Deploy Base.gso in Repository table" destLoc="GSDMDataModel" name="Base.gso" src="gso/GSOConfig/Base.gso" encoding="windows-1252" patchLevel="8.8.1.07"/>
			<deployGSE description="Deploy FullInstrument_Participants_fixed_income_changes.gso in Repository table" destLoc="GSDMDataModel" name="FullInstrument_Participants_fixed_income_changes.gso" src="gso/GSOConfig/FullInstrument_Participants_fixed_income_changes.gso" encoding="windows-1252" patchLevel="8.8.1.07"/>
			<deployGSE description="Deploy FixedIncome.gso in Repository table" destLoc="GSDMDataModel" name="FixedIncome.gso" src="gso/GSOConfig/FixedIncome.gso" encoding="windows-1252" patchLevel="8.8.1.07"/>

		
			<!-- Customized GOC -->
			<deployGSE description="Deploy FixedIncome.goc in Repository table" destLoc="GSDMDataModel" name="FixedIncome.goc" src="gso/GSOConfig/FixedIncome.goc" encoding="windows-1252" patchLevel="8.8.1.07"/>

			<!--Customized Label Changes-->
			<!--<sql id="MCR-280_UIBL_Scripts.sql" name="GC - Data Setup - MCR-280_UIBL_Scripts.sql"  description="GC - Data Setup - MCR-280_UIBL_Scripts.sql" src="sql/DML/MCR-280_UIBL_Scripts.sql" destLoc="GSDMDataModel" patchLevel="8.7.2.03"/>
			<sql id="MCR-529_UIBL_Update.sql" name="GC - Data Setup - MCR-529_UIBL_Update.sql"  description="GC - Data Setup - MCR-529_UIBL_Update.sql" src="sql/DML/MCR-529_UIBL_Update.sql" destLoc="GSDMDataModel" patchLevel="8.7.2.06"/>
			<sql id="MCR-670-MarketedIndicator_UIBLScript.sql" name="GC - Data Setup - MCR-670-MarketedIndicator_UIBLScript.sql"  description="GC - Data Setup - MCR-670-MarketedIndicator_UIBLScript.sql" src="sql/DML/MCR-670-MarketedIndicator_UIBLScript.sql" destLoc="GSDMDataModel" patchLevel="8.7.2.06"/>
			<sql id="MCR-958_UIBL.sql" name="GC - Data Setup - MCR-958_UIBL.sql"  description="GC - Data Setup - MCR-958_UIBL.sql" src="sql/DML/MCR-958_UIBL.sql" destLoc="GSDMDataModel" patchLevel="8.7.2.07"/>-->
			
			<!-- OD CR Tickets -->
			
			<!--<sql id="MCR-1904_UIBL.sql" name="GC - Data Setup - MCR-1904_UIBL.sql"  description="GC - Data Setup - MCR-1904_UIBL.sql" src="sql/DML/MCR-1904_UIBL.sql" destLoc="GSDMDataModel" patchLevel="8.8.1.07" dbType="postgres"/>
			<sql id="MCR-1903-GenericVehicleLabelUpdate.sql" name="GC - Data Setup - MCR-1903-GenericVehicleLabelUpdate.sql"  description="GC - Data Setup - MCR-1903-GenericVehicleLabelUpdate.sql" src="sql/DML/MCR-1903-GenericVehicleLabelUpdate.sql" destLoc="GSDMDataModel" patchLevel="8.8.1.07" dbType="postgres"/>-->
			
			<!-- Customized MDX/OMDX -->
			<deployResource name="Deploy BBCorpGovtConvPrfd.omdx in Resource Table" src="resources/mapping/Bloomberg/BBCorpGovtConvPrfd.omdx" destLoc="CFDataModel" dest="mapping/Bloomberg/" encoding="windows-1252"/>
				<deployResource name="Deploy BBCorpGovtConv_Additional.omdx in Resource Table" src="resources/mapping/Bloomberg/BBCorpGovtConv_Additional.omdx" destLoc="CFDataModel" dest="mapping/Bloomberg/" encoding="windows-1252"/>
		
			<deployResource name="Deploy P72_SOI.mdx in Resource Table" src="resources/mapping/Custom/P72_SOI.mdx" destLoc="CFDataModel" dest="mapping/Custom/" encoding="windows-1252"/>
			

			<!--Deploy Config_Options.ttl-->
			

			<!-- Customized Splitter -->
			
			<deployResource name="Deploy P72BBG in Resource Table" src="resources/xslt/P72BBG/P72BBG.xslt" destLoc="CFDataModel" dest="xslt/request/P72BBG" encoding="windows-1252"/>

			

			<!-- Customized Vendor Definitions Installation -->
			<deployGSP id="Deploy Blomberg_FixedIncome Business Feed" destLoc="WFDataModel" name="Deploy Blomberg_FixedIncome Business Feed" src="vendordefinitions/Blomberg_FixedIncome.gsp"/>

			

			<!-- Customized Workflows Installation -->
			<deployGSP id="Deploy P72_WF_BB_RequestReply Workflow" destLoc="WFDataModel" name="Deploy P72_WF_BB_RequestReply Workflow " src="workflows/P72_WF_BB_RequestReply.gsp" type="workflow"/>
			
			
			<!--<deployGSP id="Deploy Point72MarkStatusInactiveForTerminatedEntity_task Task" destLoc="WFDataModel" name="Point72MarkStatusInactiveForTerminatedEntity_task Task" src="tasks/Point72MarkStatusInactiveForTerminatedEntity_task.gsp" patchLevel="8.7.2.01"/>
			<deployGSP id="Deploy Point72PerformanceFileLoadScheduler_task Task" destLoc="WFDataModel" name="Point72PerformanceFileLoadScheduler_task Task" src="tasks/Point72PerformanceFileLoadScheduler_task.gsp" patchLevel="8.7.2.01"/>-->
			
			
			<!-- Customized VSH.XML, CHAL,  IDUniquenessCheckMatchKeySet etc. Configuration -->
			<!--<savelob columnName="XML_CONFIG_CLOB" columnkeyname="XML_CONFIG_MNEM" columnkeyvalue="ID_UNIQ" description="Deploy IDUniquenessCheckMatchKeySet Configuration in GC" destLoc="GSDMDataModel" dtdFile="reference/streetreffiles/IDUniquenessCheckMatchKeySet.dtd" lastChgUsrId="Point72:CSTM" name="Deploy IDUniquenessCheckMatchKeySet Configuration in GC" src="reference/streetreffiles/IDUniquenessCheckMatchKeySet.xml" tableName="FT_T_XCFG"/>-->
		
			<!-- End - Customized VSH.XML, CHAL,  IDUniquenessCheckMatchKeySet etc. Configuration -->

			<!-- Customized Rule  -->
			<savedtd columnName="MSG_SET_BLOB" columnkeyname="XML_MSG_SET_ID" columnkeyvalue="1" description="Deploy Rule Configuration in GC Schema" destLoc="GSDMDataModel" dtdFile="reference/rulexml/msgtype.dtd" name="Deploy Rule Configuration in GC Schema" lastChgUsrId="Point72:CSTM" src="reference/rulexml/StreetRefMsgSet.xml" tableName="FT_T_XMGS"/>
			<!-- <savedtd columnName="MSG_SET_BLOB" columnkeyname="XML_MSG_SET_ID" columnkeyvalue="1" description="Deploy Rule Configuration in VDDB Schema" destLoc="VDDBDataModel" dtdFile="reference/rulexml/msgtype.dtd" name="Deploy Rule Configuration in VDDB Schema" lastChgUsrId="Point72:CSTM" src="reference/rulexml/StreetRefMsgSet_VDDB.xml" tableName="FT_T_XMGS"/> -->
			<!-- Customized Rule -->
			
			<!-- Customized Publishing Profiles Installation -->
			
			<!--<deployGSP id="Deploy RegMessage_Fenergo Profile" destLoc="WFDataModel" name="Deploy RegMessage_Fenergo Profile" src="publishingProfiles/RegMessage_Fenergo.gsp"/> 
			<deployGSP id="Deploy RegMessagePublishing Profile" destLoc="WFDataModel" name="Deploy RegMessagePublishing Profile" src="publishingProfiles/RegMessagePublishing.gsp"/> -->

			<!-- Customized TPS Engine Configuration -->
			<!--<deployGSP id="Deploy TPS-1 Engine" destLoc="WFDataModel" name="Deploy TPS-1 Engine" src="engines/TPS-1.gsp"/>-->
			<!-- Customized TPS Engine Configuration -->

			<!-- Deploy GSO Configuration like update Model Definition,etc-->
			<!--<deployConfig  destLoc="GSDMDataModel" encoding="windows-1252" name="Product.gso" src="gso/GSOConfig/Product.gso" patchLevel="8.7.2.01"/>-->

		
		</Tasks>
	</Deployment>
</PackageDescription>
